lat,lon,rssi_dbm,device_count,cluster
37.77599342830602,-122.41965799002185,-36.972045533418594,7,0
37.77472347139766,-122.4191203620804,-43.6886612967105,2,1
37.7762953770762,-122.41650541278976,-36.52157631957736,4,2
37.778046059712814,-122.41677925946914,-34.5774485647802,2,1
37.77453169325055,-122.41804180318792,-38.3462603871052,6,3
37.7745317260861,-122.4177653452334,-32.492816749767734,5,4
37.77815842563101,-122.41544467020844,-43.09515679641429,5,4
37.7765348694583,-122.41918314277768,-44.97861881324567,4,2
37.77406105122813,-122.41690580523766,-47.11488099561711,7,0
37.77608512008717,-122.41840438530488,-34.01582275404327,2,1
37.77407316461437,-122.41843536240646,-37.38253737458377,5,4
37.774068540492856,-122.41580244629604,-40.22233868364182,6,3
37.77548392454313,-122.41634916730204,-38.88012549472072,3,5
37.77117343951068,-122.416372980728,-44.50195618919351,1,6
37.771550164334975,-122.4153890423857,-30.21699208153269,1,-1
37.77387542494152,-122.41795799231674,-39.48311527209909,1,6
37.77297433775933,-122.4166360940574,-39.56242082158043,7,0
37.77562849466519,-122.4186205335132,-37.09693350440523,2,1
37.77318395184896,-122.41735166729502,-38.075963073053146,4,2
37.772175392597326,-122.41826028610876,-39.104463902883474,5,4
37.77793129753784,-122.41780600807002,-43.161897821781245,3,5
37.77454844739903,-122.41680968594912,-38.11412657145602,6,3
37.775135056409376,-122.41963644136648,-32.47190201409987,3,5
37.77215050362757,-122.41381522544864,-34.61831981538009,6,3
37.77391123455095,-122.420012034763,-33.62725349344241,7,0
37.775221845179416,-122.42042837722558,-42.04486270572474,2,1
37.772698012845154,-122.415683778253,-43.95841928103432,1,6
37.77575139603669,-122.41641667461208,-40.50314768039859,2,1
37.77379872262016,-122.4167517603659,-39.77710035084522,7,0
37.77441661250041,-122.41674330898148,-35.62323392611621,4,2
37.77379658677554,-122.4180244935457,-46.76985851885928,4,2
37.77870455636901,-122.41979450874298,-33.88179872215755,7,0
37.77497300555052,-122.41784839088362,-40.632031594315954,6,3
37.77288457814209,-122.41935432342304,-41.70752427978968,5,4
37.77664508982421,-122.41604976053316,-44.04841750104067,5,4
37.772558312700056,-122.418294114763,-46.61942668746308,6,3
37.77541772719001,-122.4196509943936,-36.70731766415234,4,2
37.77108065975224,-122.41864277168332,-39.70672813124639,4,2
37.7723436279022,-122.41717413709144,-45.159843598964216,4,2
37.77539372247173,-122.41912744910562,-45.18031508825447,2,1
37.77647693315999,-122.41964444079116,-41.34313879716051,4,2
37.77534273656238,-122.41751262557702,-33.32391389884243,3,5
37.77476870343522,-122.4175100668578,-41.03836540545442,1,6
37.77439779260882,-122.41901388635075,-46.01257181247242,4,2
37.77204295601926,-122.41894207661124,-40.98297225634378,6,3
37.77356031158321,-122.41753590012527,-41.09089427899068,1,6
37.77407872245808,-122.420896168683,-50.787546571766285,2,-1
37.777114244452434,-122.42081492754876,-40.21717946607125,6,3
37.77568723657914,-122.4194368884425,-40.92373812083471,1,6
37.77147391968927,-122.41842689430344,-37.215174540746325,6,3
37.77564816793879,-122.4173781848688,-32.60417562021862,2,1
37.774229835439165,-122.4150492875661,-35.49373988180897,3,5
37.77364615599939,-122.4162846807536,-41.07555476221932,2,1
37.77622335257768,-122.41831987705991,-44.42610363496668,2,1
37.77706199904499,-122.4180380324158,-29.70656078700056,6,-1
37.77686256023823,-122.42000505872927,-39.76312626394205,7,0
37.77332156495356,-122.418037026272,-39.944282832348215,5,4
37.7743815752483,-122.41857731727784,-40.09650034844001,4,2
37.7756625268628,-122.41735456287932,-39.20766095692858,4,2
37.77695109025424,-122.4196544618871,-40.57744164769577,3,5
37.77404165152431,-122.41696130697152,-42.29464802752094,3,5
37.77462868204667,-122.414934522174,-42.18743576496157,4,2
37.77278733005198,-122.41821752029692,-40.131013080864,5,4
37.77260758675184,-122.4171965765558,-42.17369908453506,4,2
37.77662505164479,-122.41661971201658,-42.851383130708655,7,0
37.77771248005714,-122.41880244094378,-39.57427908923241,5,4
37.77485597975684,-122.4175518150364,-41.01990886968342,3,5
37.777007065795786,-122.41797481519843,-33.98402804566925,1,6
37.775723272050094,-122.41780464780292,-50.60387923357205,6,-1
37.77370976049079,-122.41954601956772,-35.63397259231015,7,0
37.77572279121102,-122.4179509796515,-35.01565923000948,7,0
37.77807607313293,-122.41700400341752,-48.2935609296326,3,5
37.77492834792178,-122.41509771278442,-41.3707503763214,3,5
37.77812928731163,-122.41608145834785,-41.48576346398317,2,1
37.769760509791816,-122.41369363508498,-45.63004677887128,7,-1
37.776643805008746,-122.41953469512578,-43.1112667503635,2,1
37.77517409413648,-122.41625535872656,-44.44230338186331,2,1
37.774401985299065,-122.41763331598852,-32.99091822630551,6,3
37.77518352155307,-122.41362039413356,-36.25728642741016,2,1
37.7710248621708,-122.41961659657072,-34.91377962002336,5,4
37.77456065622432,-122.41967944368436,-37.11331174382706,4,2
37.77571422514302,-122.41919878529087,-44.51620708486892,1,6
37.77795578808948,-122.42224779144864,-42.098081065119096,3,5
37.773963459563454,-122.41905151004336,-38.04250175508833,5,4
37.77338301279421,-122.41951826532312,-44.88851123556778,1,6
37.77399648591283,-122.41769921242704,-37.14800627931045,7,0
37.7768308042354,-122.41731648804846,-40.96130159263254,7,0
37.77565750221932,-122.41424765832156,-41.49928323019839,7,0
37.77394047959246,-122.41609915232364,-37.156160127186034,5,4
37.77602653486623,-122.41915380731132,-38.22294675405584,5,4
37.775194155098696,-122.4197968293427,-41.44386466327632,3,5
37.77693728998106,-122.417016161657,-35.36268078654301,4,2
37.77359589381224,-122.42064046641404,-44.32425331039959,2,1
37.7743446757068,-122.4143370824683,-37.536257572222944,7,0
37.77421578369373,-122.41564111975856,-37.62759496812647,6,3
37.772072970103736,-122.41893835130422,-41.23818575725596,4,2
37.775592240554126,-122.4214262690582,-38.69546791103153,6,3
37.77552211054436,-122.41529225525169,-45.00445430554121,3,5
37.77501022691328,-122.4182290796905,-36.3038919231724,3,5
37.77453082573325,-122.41552436737608,-40.73960854577196,3,5
37.772169258515895,-122.4211888553176,-42.09089208207616,1,6
37.77415870935447,-122.41919875004592,-35.803963096652446,6,3
37.77431457096694,-122.41798951260056,-42.81737476217104,4,2
37.77339544546155,-122.41790603881248,-45.63384518545424,4,2
37.774677428576666,-122.41890013094296,-46.226516694095615,5,4
37.77580810171363,-122.41675430013532,-37.57596019461744,5,4
37.77877237180242,-122.42013524085876,-45.12171740998513,7,0
37.77534915562566,-122.41828475897005,-32.980823272062544,5,4
37.77551510078145,-122.4177594087366,-48.32771763153489,3,5
37.77485110816847,-122.41697112233189,-33.21417452683985,4,2
37.7711624575694,-122.41657677024382,-39.15593013118953,6,3
37.7749469722491,-122.42024928418368,-40.38685244748157,3,5
37.77512046041988,-122.42106822834148,-42.1796763472358,1,6
37.77992648422497,-122.4154446463562,-38.40345554259172,5,4
37.77461527807044,-122.41733537197604,-40.15053880969939,3,5
37.77560309468467,-122.41949697307312,-35.58679247193391,3,5
37.77493057646059,-122.41489769604895,-39.54308940535184,1,6
37.77266264392476,-122.41776865073142,-39.39879295415249,2,1
37.77728564562903,-122.41564140563187,-41.45444884885542,4,2
37.77650386606537,-122.4178649630372,-40.227782494884266,6,3
37.77658206389408,-122.41387850415023,-38.76879292443176,7,0
37.77318122509041,-122.41448931831512,-46.8406735706265,2,1
37.777805588621874,-122.41849792829696,-45.39274168842285,5,4
37.772196297874416,-122.4160568580981,-37.02694362390914,3,5
37.7761737141876,-122.41670924810084,-39.31653824748823,1,6
37.77938091125162,-122.41526273688494,-40.73593334541072,1,6
37.77301892734974,-122.41992984692116,-39.926264267738425,4,2
37.7738674045408,-122.41662789708,-38.60967317855332,2,1
37.77519930273017,-122.4158831510263,-42.15903872123744,7,0
37.77399304869176,-122.42151747897286,-43.11321890160925,4,2
37.77189867313787,-122.42036651702534,-39.21661897960927,3,5
37.77513712594961,-122.42207846435552,-43.91349111046013,4,2
37.772875392572544,-122.41853881366887,-38.366988977142114,6,3
37.77594718486127,-122.4165649154884,-46.81033441695136,1,6
37.77316115153153,-122.4149952858958,-35.883377450697424,1,6
37.77809986881003,-122.41785181043916,-38.10961007034783,5,4
37.773433493415325,-122.41474276890888,-38.9758810627445,5,4
37.77435587696759,-122.42076020291644,-36.06923606421795,7,0
37.77662703443474,-122.42140676487872,-33.33810222214969,3,5
37.77253827136713,-122.4181110953978,-35.94251973992748,6,3
37.775454919869205,-122.41723186910212,-47.36349692532658,2,1
37.77761428550856,-122.4180653894962,-45.11830786694281,4,2
37.77178503353088,-122.42213488420008,-42.49927431078272,7,0
37.77536926771706,-122.41817824007904,-39.895635799156665,3,5
37.7755197655885,-122.420608939001,-37.92936391812351,5,4
37.77656364574355,-122.41666065490234,-42.90297525261386,4,2
37.77252609857824,-122.4172668035078,-39.25293294209169,5,4
37.77235908677383,-122.41987975957268,-43.02153172941329,4,2
37.77604388313123,-122.41902773383468,-42.44607121196779,2,1
37.77559396934647,-122.4201184270438,-45.626644387392886,3,5
37.77550098570069,-122.41812535819456,-43.692932984443615,4,2
37.775692896419,-122.416089715359,-45.40673842246534,6,3
37.77363995055684,-122.41997145209268,-43.90349301190933,7,0
37.77546450739432,-122.41699190696896,-35.78543281356864,1,6
37.775586144946594,-122.41906051523677,-43.797595555327774,6,3
37.77357129716395,-122.41958574566452,-29.47047174065044,6,-1
37.77873154902229,-122.41821406071992,-38.02672839647644,7,0
37.77594766584182,-122.42007048464484,-39.260655505220505,1,6
37.7726173930056,-122.4191072986107,-43.433431120724855,6,3
37.77631310721727,-122.42039575578518,-37.19876048236404,4,2
37.77305063665954,-122.41407054973418,-42.302551304951095,4,2
37.776574169207485,-122.41792947289606,-39.51196074141856,4,2
37.77731719115801,-122.419399451016,-29.75966184692482,1,-1
37.773358635363294,-122.41757204017854,-40.3842395988986,6,3
37.77692675225849,-122.41822465609938,-35.40290669485729,1,6
37.77582556185387,-122.41844193919908,-42.81270570050355,4,2
37.77664412031999,-122.41677166659991,-40.13995396198785,7,0
37.7787935859653,-122.41648498457992,-32.91679745745796,6,3
37.77450922376799,-122.41906100229522,-42.50786823115107,6,3
37.77349252767128,-122.4191516364813,-32.750205768012286,5,4
37.773220971140745,-122.41855010339432,-37.1689922581781,5,4
37.77336837943007,-122.42260384232948,-42.249867103577074,2,1
37.77484579658117,-122.4210303821244,-37.47036904377792,3,5
37.77568230394963,-122.41526625146513,-36.10978220149308,5,4
37.775553381598655,-122.414710064573,-37.51276015113122,1,6
37.77665436649807,-122.41849807207912,-46.28089887956183,5,4
37.77502600378376,-122.4168468860739,-42.90854870329947,2,1
37.77790706815431,-122.41737749969091,-40.99007454220602,6,3
37.77447068633352,-122.4118422383831,-40.29773371640019,2,-1
37.78044033833318,-122.41576085017714,-37.51731160979729,6,3
37.77625133469553,-122.41825583518296,-39.28919599626698,7,0
37.77328568488716,-122.4199110808812,-45.3413774348404,7,0
37.77285821500388,-122.42121289264053,-38.47920859597615,6,3
37.77596494483048,-122.41759307272828,-37.55765701886471,3,5
37.77455307442935,-122.41951270149058,-37.76083820827584,5,4
37.77642800098818,-122.4208445074192,-35.676877097781514,1,6
37.77594647524914,-122.41929314576848,-36.66431138180438,1,6
37.774854342174685,-122.42016309600724,-38.16327968308625,4,2
37.77330641256386,-122.41462571672986,-40.28066284583459,6,3
37.771970305550624,-122.41623672048613,-46.64384373406397,1,6
37.774106970095865,-122.41801594528263,-38.28152712346966,3,5
37.77671279758864,-122.41504011172222,-39.16924925134756,6,3
37.77542818748826,-122.4178452633847,-38.9136846512185,3,5
37.77250852244257,-122.41972256840266,-45.10699430328124,1,6
37.7753463618517,-122.41495375184547,-44.32422616163305,1,6
37.77577063475945,-122.41692217991265,-35.787388586668385,4,2
37.7732322851276,-122.42007449230866,-40.15822061542662,1,6
37.77530745021189,-122.41838067735615,-37.2739972105095,6,3
37.77511641743689,-122.41975123650676,-39.88672649547816,7,0
37.772714059404336,-122.42076559946192,-39.88097544201702,6,3
37.77571557472069,-122.41614764490494,-36.24686477609601,6,3
37.776121569052734,-122.41418116671906,-42.06417891286949,4,2
37.77716610248635,-122.42079713514764,-39.61551689223607,4,2
37.77710760410407,-122.41687406152664,-41.84910115482017,1,6
37.77224466126408,-122.41930128513825,-41.73798490972926,2,1
37.77312434992017,-122.41897425076752,-41.23668849387456,2,1
37.77603007053442,-122.41918478784848,-39.11146491346515,4,2
37.77602757190182,-122.41972798153937,-41.91499448665391,1,6
37.77603009537261,-122.41790295674411,-34.976975497705915,2,1
37.782705462981305,-122.41966190023282,-43.57842920887801,1,-1
37.77614178102139,-122.41745908634844,-40.74748657664544,1,6
37.77727113128036,-122.41810047621892,-41.7589242330967,1,6
37.77690800352698,-122.41847789609372,-34.21208846258507,5,4
37.77630278250261,-122.41981512732409,-39.2137808939537,6,3
37.77436946151072,-122.41915354266116,-35.87262184212546,1,6
37.77651793844098,-122.41648921754836,-45.942241492147886,5,-1
37.773454349570926,-122.41699816562476,-38.931798936522966,4,2
37.77452636278652,-122.4199551104896,-36.44147681750625,2,1
37.77402927290434,-122.41780133538914,-39.6708640428983,6,3
37.77516374827877,-122.41649722575326,-35.73807849973859,7,0
37.77962931713335,-122.42133881056225,-42.06915380040149,2,1
37.77126546961482,-122.41691327961524,-34.36261023925768,6,3
37.77637252038075,-122.4193252475179,-30.804407505523,7,0
37.77177456825762,-122.41685880266282,-41.45135424175864,2,1
37.77405613626842,-122.41952651831308,-41.78201008560309,6,3
37.77717790119393,-122.42160976420134,-34.186462091529194,2,1
37.77512856003819,-122.42125508487575,-33.68171141707715,2,1
37.77284451044414,-122.41790383010668,-42.09144010861307,7,0
37.77356939258148,-122.41748055499656,-41.68074726838343,2,1
37.77635919549787,-122.4198086332502,-41.12713843544203,2,1
37.77353926673656,-122.41672281508244,-45.37780204413711,7,0
37.77543291717916,-122.42132304012456,-43.67460778593679,4,2
37.77509114367981,-122.4181321595973,-44.01656306700827,1,6
37.77369679930479,-122.42042203239951,-43.07119026041652,3,5
37.77928788817865,-122.4193036722156,-40.138739549547125,5,4
37.77626783804463,-122.41790520265738,-39.06314106985392,3,5
37.770949714826685,-122.41972082673055,-33.79799802874369,3,5
37.775372908629535,-122.41876911108848,-43.99341616295517,6,3
37.77367642707046,-122.41598741438158,-36.06271040609367,1,6
37.77670486666959,-122.41915378373903,-40.85595537690204,6,3
37.773414958523134,-122.41632861577588,-40.19785483860973,1,6
37.77477052711706,-122.42025941370932,-37.30072203133359,7,0
37.77600997455796,-122.41694039164418,-44.49088808624919,7,0
37.77673151038834,-122.4151168627587,-38.4703610152638,1,6
37.772599407185886,-122.42294328900026,-39.33419116714778,2,1
37.77433099752832,-122.41959379051094,-38.0301949439674,4,2
37.77405010937768,-122.41684585574563,-38.84332542436873,2,1
37.77369334153485,-122.4184060907721,-30.17879944035642,4,-1
37.77853090848056,-122.41725770825326,-42.55095993700527,6,3
37.77580996342192,-122.41920797037344,-42.12398782000727,4,2
37.77247823209133,-122.41782682042506,-42.49256210569906,6,3
37.77683572389411,-122.4183113544708,-42.22190847664102,7,0
37.77924431239403,-122.41566443587668,-42.54954850922607,3,5
37.7770649305211,-122.4174911583134,-35.243933875569795,7,0
37.77196126006809,-122.41732479467584,-34.31798300804058,7,0
37.77403153185426,-122.41882375393224,-42.282985174997904,3,5
37.77753382229837,-122.41897521244816,-43.32942229241692,4,2
37.77358466106876,-122.41886511637564,-38.114337774454384,4,2
37.77588763885629,-122.41721109571525,-42.208892177123886,6,3
37.776549268106855,-122.41884196896164,-37.46827272897796,2,1
37.77314613905684,-122.41742045028622,-39.1883079165948,6,3
37.77488094928788,-122.41384919840272,-46.06297645998893,2,1
37.76851746531986,-122.41625775059316,-33.809979194679755,7,-1
37.77295122471733,-122.41865204706434,-32.816489307617914,3,5
37.774494863697214,-122.41559757215568,-42.451154761937545,7,0
37.77250443363607,-122.41881615074604,-41.550806239743935,1,6
37.77826482260786,-122.42207624907036,-38.85653843710038,4,2
37.77213971724408,-122.42001617262184,-38.6621728400519,2,1
37.7741199110266,-122.42174158384206,-37.36582290930868,6,3
37.77526148115457,-122.41870302696807,-31.9591818449346,3,5
37.77788254657813,-122.41796316324162,-40.7077889099762,2,1
37.77212827569764,-122.41464712537544,-43.19318897815381,6,3
37.77732632750431,-122.41734614525248,-45.51727691205811,4,2
37.77502046612204,-122.41843820105764,-42.92372015976768,7,0
37.7730369826979,-122.41634118883763,-40.13250789149519,4,2
37.77592420694853,-122.42242227061804,-32.82176854592885,5,4
37.77539811939115,-122.4175287708838,-42.07044519614469,1,6
37.77379956624568,-122.41645826961224,-39.1048481934444,5,4
37.77513960416998,-122.42095717249155,-40.06569158429101,3,5
37.77422937280628,-122.4157124919136,-35.24642690620767,2,1
37.7752270346905,-122.41732300718502,-29.892270296505515,3,5
37.77632426134904,-122.4188305758278,-42.123475091681286,7,0
37.77817203363229,-122.4167344362678,-41.95775777007289,6,3
37.77252436900235,-122.4134586142844,-35.823356491723715,4,2
37.77926606674931,-122.41763626748988,-37.27243404149476,5,4
37.77109582440095,-122.4175035588274,-32.613170697055864,5,4
37.77469642980993,-122.41891872179907,-37.66428725869614,7,0
37.77617663441297,-122.41969968873892,-41.43716836314824,5,4
37.77556198373547,-122.41633932836692,-37.637380677230766,7,0
37.77375460096036,-122.41971216765182,-35.56518567766837,3,5
37.774583755499286,-122.41785686752556,-36.71807127521054,4,2
37.77401399813069,-122.41895531489354,-37.97090387557081,2,1
37.77382127048611,-122.41704204034852,-35.73330124164338,6,3
37.77669920419404,-122.41733267578944,-35.32281763821731,2,1
37.775714030971926,-122.4159249201115,-34.47136403584989,3,5
37.773614180809474,-122.41902003279772,-37.40516044964143,6,3
37.77679919975086,-122.4185397498706,-40.668472321267416,5,4
37.77561459904175,-122.41995752743158,-39.41314525426671,1,6
37.77662572423768,-122.41888858652015,-35.17396413396657,3,5
37.77625925768385,-122.41724539901392,-43.26774268394895,3,5
37.787648797398575,-122.40582414491136,-37.68562554774001,6,13
37.7864807623179,-122.40439660973011,-36.92413555552055,7,7
37.78717537376253,-122.403684960785,-46.07387308116658,7,7
37.78517607804691,-122.40471589811136,-47.78775898032229,2,8
37.78896454378141,-122.4057476547881,-48.0458486616758,4,9
37.78716020060044,-122.40373475740044,-51.06454328041288,6,13
37.79026250558079,-122.40490189318145,-47.07361159766209,3,10
37.787450505009645,-122.4054614008264,-40.16933820097501,1,11
37.79076888422337,-122.40762455877068,-53.81615030100496,6,-1
37.78951491149863,-122.40812530957054,-49.14981360285498,7,7
37.78805719355344,-122.40766245958542,-45.50852576660799,7,7
37.7911604651747,-122.40444334187757,-48.5087408024868,3,10
37.78990458692207,-122.4051581574952,-47.109143776960885,3,10
37.793892425653326,-122.40796056819642,-47.049318697689216,1,-1
37.78718108951004,-122.40370816434842,-46.030160880247,3,10
37.78815323221092,-122.40225138097364,-47.91781878443896,2,8
37.79113741802202,-122.40619698723344,-48.2448528554222,1,11
37.78491292437633,-122.40848196371472,-41.26276101631508,3,10
37.79063388712646,-122.4064182527698,-40.80138328855862,5,12
37.78887860551536,-122.4032910787464,-50.52217338098964,6,13
37.7862235784891,-122.40390294028292,-56.03838959709154,3,-1
37.7852739206829,-122.40684486537202,-40.74650060171628,2,8
37.78665502105373,-122.40195765572447,-49.91520167420855,4,9
37.78343036085535,-122.40230343986816,-44.14902064616104,3,10
37.78702092111261,-122.40646601212656,-51.26268749211287,7,7
37.78924511266669,-122.40648658000592,-39.80898005896131,7,7
37.78704739871806,-122.40618565587476,-34.82532841879389,7,7
37.79077662540286,-122.4060146655508,-44.268772363178655,4,9
37.79131989520545,-122.40309892398416,-45.37641059383807,7,7
37.79055128896525,-122.40414934187903,-46.28855830076026,5,12
37.78846128182053,-122.4032458424613,-41.87280275474836,3,10
37.78335064145502,-122.40365286971362,-42.72925299626166,7,7
37.78659260501593,-122.4015709458636,-40.98600618578854,1,11
37.78771592294645,-122.40711877108762,-47.51166609039233,4,9
37.786212264700985,-122.40423928293924,-43.63952917438142,5,12
37.78772098904902,-122.40934764251249,-47.16987226682478,1,11
37.79122013493738,-122.4076339111482,-49.23086259228022,1,11
37.78470844694097,-122.40514970677188,-45.16406168401385,1,11
37.79162338411224,-122.40416358677447,-48.69005092150833,1,11
37.78976945284351,-122.40520363148406,-40.30509200902965,3,10
37.78853643361655,-122.40613438483764,-48.44768151206329,7,7
37.78657276688852,-122.405778835755,-43.54581623725056,6,13
37.78625209930902,-122.40226111804716,-47.41368919503889,3,10
37.78474756457082,-122.40576806435575,-43.89174899824995,3,10
37.791433530960624,-122.40150151675591,-47.09598629382143,5,12
37.79107522312015,-122.40341196585292,-50.02884509943015,5,12
37.78518743074283,-122.4040849253077,-43.06490903619262,7,7
37.78689474401018,-122.40738719382064,-45.94166248765288,6,13
37.78886628953846,-122.4031295236772,-43.85606023711016,5,12
37.78740098172365,-122.4059875411555,-46.71537174252176,7,7
37.78416265048593,-122.407388879516,-50.31174605507381,7,7
37.78668445447889,-122.40397431277384,-40.66728561177497,2,8
37.79190206859604,-122.40777589212114,-42.05296897823565,6,13
37.786820042819166,-122.40652448292424,-47.267843902212974,5,12
37.787673065326594,-122.40502023182296,-44.72088314600481,6,13
37.785709645151925,-122.40056315715177,-40.83192206734825,3,10
37.78917552597056,-122.4063738315116,-46.82815334344959,3,10
37.78823030359805,-122.4059164330386,-46.20753802076221,6,13
37.78651596051688,-122.40353530989115,-44.0254699999705,2,8
37.785390689208384,-122.40747659137676,-46.836364254218346,2,8
37.79080908674802,-122.40411438723795,-41.57163201205191,6,13
37.78478891318672,-122.40258814638476,-45.67560312122975,5,12
37.78900763139118,-122.40561418976942,-48.13614349997589,4,9
37.78369224151057,-122.4029476914372,-42.56544468050402,2,8
37.78941442336602,-122.40441710015358,-49.56852259772539,1,11
37.78994059777452,-122.4064613639276,-36.94048575550315,3,10
37.79018956742328,-122.4053956093718,-38.67001454567919,6,13
37.78767758306286,-122.40575951467996,-42.94601809231594,1,11
37.79116800721113,-122.40517527651564,-43.28267591272039,6,13
37.79261558338999,-122.40469456420156,-43.4702343287228,7,7
37.78735675372791,-122.40382360013004,-46.956379143675626,3,10
37.78709798993974,-122.40398266350084,-43.81076141727663,3,10
37.78829835452069,-122.40986342714253,-48.692530441831394,2,8
37.787044639708206,-122.40519461637754,-42.98472632623928,2,8
37.78675225960798,-122.4080188438268,-41.52861222787482,1,11
37.78692652291952,-122.40555145450492,-46.51234440393334,7,7
37.79143151201601,-122.40524757917562,-47.38040717661888,6,13
37.78954376399007,-122.40304770328385,-49.84990809859164,7,7
37.78703810774548,-122.4050602309342,-39.16817906573724,3,10
37.78308974994855,-122.40448156396332,-47.06265613536885,1,11
37.78491107101279,-122.40341388723868,-45.79495614406649,4,9
37.7890068581652,-122.40254449548036,-43.7993776600171,1,11
37.78375688811722,-122.40524602784672,-43.87116942844026,5,12
37.7885859870549,-122.40481164111664,-42.01375961727573,1,11
37.78586887255027,-122.40497995339553,-46.517319679353314,7,7
37.78818361154916,-122.40608519792886,-49.55467175388365,5,12
37.788127712602666,-122.40653823044688,-50.25466123588927,5,12
37.788241179867775,-122.40954377183286,-47.31702093137139,5,12
37.78721115630584,-122.40715332186905,-48.807401898698494,4,9
37.78714542874878,-122.40855726166642,-46.21446682123104,1,11
37.78655841916213,-122.4024896030311,-39.76968475696007,7,7
37.78896778463448,-122.4046231679834,-46.50911282353476,1,11
37.78961038534956,-122.4052518779459,-46.51060344533823,4,9
37.78556205495492,-122.40643497037216,-45.06559510502316,3,10
37.78789674305541,-122.40494044147351,-46.62249996484827,2,8
37.788393164146974,-122.40669595975533,-45.269564942872776,7,7
37.78836754226924,-122.40465196288676,-42.836523110074616,7,7
37.78833353923919,-122.40450853203416,-41.460995780946746,1,11
37.787195930379305,-122.40672276740472,-40.9871472010439,2,8
37.78855806085093,-122.40676092392964,-36.77259111707592,6,13
37.78923605742197,-122.4030756012908,-42.72256221531025,6,13
37.78828207331164,-122.4051057199086,-36.06208439460276,4,-1
37.78901187967306,-122.40656204085852,-48.10592723223857,6,13
37.78998070682207,-122.4057410126034,-36.63486039030166,7,7
37.78429811928421,-122.40702118817342,-46.52150421687836,6,13
37.789886927683725,-122.40513436716132,-46.12807572305214,3,10
37.78868485553044,-122.40333674338468,-45.4794901896915,3,10
37.78577674934452,-122.40505534133518,-45.874482844634926,3,10
37.78960494176464,-122.40027273311264,-44.65663841309399,6,13
37.78720335818795,-122.4041572808639,-47.32011200995376,4,9
37.78747606712736,-122.40454009110432,-41.68015130771451,5,12
37.786984640435065,-122.40681660426192,-47.21134013848472,5,12
37.78860479768847,-122.40547706689368,-42.37755840698844,2,8
37.786429293714974,-122.40655802768607,-38.88910552190495,5,12
37.78980294925989,-122.4093312904568,-46.42840947923096,5,12
37.787722274825605,-122.40305147555574,-41.82246632808329,3,10
37.78727159503302,-122.4060229011111,-42.76336284438726,3,10
37.78950575135522,-122.40652080014868,-35.988452471121,6,13
37.78736088647536,-122.40457885993207,-47.0193222593798,2,8
37.78989635365072,-122.40397500089556,-41.81971353277687,1,11
37.78995918590168,-122.40564154966582,-51.50404436710621,7,7
37.78533039232356,-122.40500520333522,-46.98343364294725,2,8
37.79021852040445,-122.40350762518536,-43.586428649612365,2,8
37.78507592805699,-122.40572038718922,-39.42736012364088,4,-1
37.79034316105376,-122.40439533251649,-49.90373345993681,6,13
37.79205671438446,-122.40831848923678,-41.85563743703556,4,-1
37.78974966887653,-122.40748263799684,-45.25289382593184,2,8
37.7836860387106,-122.40378892044384,-51.08611061356925,2,8
37.790127131438766,-122.40758711727834,-44.27365261620484,2,8
37.79249225793187,-122.40453172490578,-38.16335506808716,5,12
37.787393936718,-122.4052939975644,-49.48169063964647,7,7
37.78793059335994,-122.40572893452504,-45.43975086148073,7,7
37.78562302655615,-122.40665692553792,-48.94655593855826,4,9
37.78862415883764,-122.4031813199638,-46.87433172764006,2,8
37.79053835436508,-122.40154021769096,-39.27131942590147,7,7
37.789395474256295,-122.4043996156748,-46.08609790196553,3,10
37.794283933954574,-122.40435501856864,-39.39373704993869,7,-1
37.78806605408593,-122.40636466125972,-40.563783808273655,6,13
37.784738653265165,-122.40739219446364,-46.45095165393779,6,13
37.78834194194313,-122.4050794778096,-47.01039784242493,7,7
37.78316709646957,-122.40694749929592,-48.58399522725801,3,10
37.786933792150265,-122.40854522025664,-48.723524776773615,6,13
37.7912487641172,-122.40339310837528,-43.58717042196863,5,12
37.78865026729726,-122.4032956664235,-45.07914126085986,7,7
37.78835883362566,-122.40671767754591,-47.49442173971683,5,12
37.79164156075343,-122.40451207135744,-51.19505168849312,7,7
37.78745880021667,-122.40299609546442,-44.57528492871116,1,11
37.79052364082587,-122.40458994662588,-46.87820871624533,1,11
37.788258613950326,-122.4073863092922,-45.78119078232837,1,11
37.788760094926914,-122.40546578682648,-43.78135268520767,6,13
37.78556539028827,-122.40234638115992,-55.007211445551455,5,12
37.78703590641034,-122.4045059467128,-51.133098414836496,5,12
37.78520496353431,-122.40392173579365,-35.81422769277925,5,-1
37.78780950984355,-122.40431674156126,-47.02644202679847,3,10
37.78878080468783,-122.40671102271595,-55.06973240959012,5,12
37.78577992378981,-122.40624169043856,-50.79976071806501,3,10
37.79209835784537,-122.40432226968588,-35.06213052543427,1,-1
37.78855621203818,-122.40336625643997,-47.81198984107936,1,11
37.78811559117117,-122.40280019009816,-40.36393902041137,6,13
37.78953931550269,-122.40671621108952,-44.51552800665118,7,7
37.78634214383826,-122.40413375893064,-46.93986814999588,1,11
37.78832695495833,-122.40262591177655,-41.89821811694763,7,7
37.78656626755928,-122.40697416354058,-54.537426701425154,7,7
37.79111735982018,-122.4020265057284,-50.76453047942641,6,-1
37.7858827213012,-122.40172211834532,-46.969404048558246,2,8
37.78812633091861,-122.39974982732076,-50.37161759307843,2,8
37.7886586315703,-122.40453813311834,-47.32311115401588,4,9
37.78878965148881,-122.40452715064748,-41.58514781726869,6,13
37.78683752965383,-122.40334601122176,-44.47145311465608,4,9
37.786208981195706,-122.4034043946539,-39.67753185796164,4,9
37.7868664096539,-122.402747266278,-44.21849886259302,2,8
37.78905665086842,-122.40343193363908,-41.030156674021896,6,13
37.787712308458175,-122.40521212381807,-45.25628120051399,2,8
37.7895924176169,-122.40255600575806,-47.36110193343913,4,9
37.78895400743879,-122.4071425082994,-39.07772777783245,6,13
37.7834461746038,-122.40498829532656,-47.83740115174427,4,9
37.78849499559367,-122.4018725287679,-43.6246207075028,5,12
37.792500909535626,-122.40750049299623,-41.924410547102106,7,7
37.79065053810207,-122.406354951314,-41.63402918211657,6,13
37.78884402632141,-122.40365650541784,-49.66177068088008,6,13
37.78588121573906,-122.40421217605352,-40.79219837668694,7,7
37.78895510743225,-122.40675005081532,-48.91582098442908,4,9
37.78947949987976,-122.40583238800546,-41.75718537860003,5,12
37.78749250663834,-122.4073615641253,-42.859306115803605,3,10
37.7886334841176,-122.40303903000095,-41.7254773528804,7,7
37.79101932491679,-122.40551176271536,-49.82001408439611,2,8
37.78628545116052,-122.40141568817847,-42.64828102906243,4,9
37.78588340079008,-122.40483779951192,-40.657625294367314,7,7
37.78938539865199,-122.4054394806068,-44.22641686735304,7,7
37.78891508527239,-122.4056336435226,-48.27446671841831,6,13
37.79005767659082,-122.4054883996704,-41.32100954268804,2,8
37.7891395876238,-122.40477835780972,-44.54432148759692,2,8
37.78686448987365,-122.39997518484684,-51.69777705531078,2,8
37.78886438530293,-122.4056777193402,-48.58475784926664,7,7
37.78571574691341,-122.40561270692154,-47.10517812490789,3,10
37.78749936257653,-122.40486881230864,-38.97672684944138,1,11
37.78900559846193,-122.40281945098732,-39.679267654775146,4,9
37.78727897156655,-122.40784196912216,-39.6921258757733,1,11
37.79293610436446,-122.4040898145262,-44.07055888926453,7,7
37.78421563150235,-122.40663485035203,-41.345620832883206,1,11
37.786905019286,-122.4038934546221,-49.56311763474356,7,7
37.78612444033226,-122.40598751988472,-44.97278760642892,1,11
37.78659930238508,-122.40960820467951,-43.19346919340161,2,8
37.78671400355304,-122.40426084479462,-49.29959622923648,5,12
37.78534715862628,-122.40427771045933,-44.16035164143252,2,8
37.789505404297145,-122.40615816061695,-38.253443256782624,2,8
37.78690580940522,-122.4062766877203,-42.764920861757496,6,13
37.78832714667117,-122.40762274545018,-41.32981917334352,6,13
37.787130348476175,-122.40345380011692,-54.80962769372905,1,-1
37.78661823917543,-122.40323556843506,-38.7681246033883,7,7
37.79134455847217,-122.40675810177036,-45.74448939100868,2,8
37.789845864364416,-122.40607986891908,-48.07474525628017,1,11
37.78426359920009,-122.40512657824227,-45.69855140723972,6,13
37.784051725103325,-122.40045826943792,-50.9400886331236,5,-1
37.79008521767127,-122.40390975650482,-40.80823175299143,4,9
37.7869602932169,-122.40688683103002,-46.34158289109517,1,11
37.78470183533213,-122.40439243938104,-47.95452324810428,5,12
37.79009147026508,-122.40775338308129,-45.67222026275346,4,9
37.7883382481002,-122.40356401938016,-40.52793738169544,3,10
37.78850314216966,-122.40164890521292,-44.47416639687512,1,11
37.78961907854401,-122.40164041662985,-50.63877507813387,1,11
37.78538004568343,-122.40353021299303,-43.14007668103567,3,10
37.784736998357225,-122.40616682471172,-48.7159198172905,3,10
37.7911619085898,-122.40760180351305,-53.62440412549927,1,-1
37.785125666478514,-122.40780041008674,-39.01597114913129,3,10
37.78555552440584,-122.410612434219,-43.17108050068924,2,-1
37.7859551292409,-122.40361228847398,-45.31308265521366,4,9
37.792159891847376,-122.40520567104043,-46.3824380587868,4,9
37.78898676660082,-122.40318156766708,-39.41168199706674,4,9
37.789930815948864,-122.40214393702954,-32.65137939920638,2,-1
37.78839233509115,-122.4048001889122,-43.20487792573393,7,7
37.7867962255776,-122.40470807678058,-49.1185387293115,3,10
37.78926258256652,-122.405928640689,-45.61786207547191,5,12
37.784886768058406,-122.40569216883436,-43.2777093116238,3,10
37.78580943309581,-122.40354306017504,-54.39811322796746,1,-1
37.78946595035852,-122.40534875006072,-43.66200319288753,6,13
37.785285489538346,-122.40563801533352,-43.25429948202768,4,9
37.78762183706167,-122.4050366337189,-39.69463120805112,3,10
37.78771297531129,-122.40322733960788,-40.11150679050778,5,12
37.78694267599332,-122.40638532311566,-44.555311358841855,1,11
37.7840977630503,-122.4051330570351,-38.941452373678565,2,8
37.78674214221762,-122.40450944432445,-36.85728672384498,7,7
37.78635006324613,-122.40267955619284,-44.88819417902216,2,8
37.78832287972657,-122.4054785935536,-43.327251686129,5,12
37.788220981077394,-122.40643564677212,-52.06918941244231,1,11
37.78875592291987,-122.40596872188854,-50.80389304976436,4,9
37.78664802745405,-122.40289388513398,-48.35278525603808,3,10
37.78904555590093,-122.4009333894028,-46.774473218068216,1,11
37.78488798653445,-122.40762751562735,-49.38449209895227,7,7
37.784356190534695,-122.40719060323012,-45.143981647908966,2,8
37.78332885455166,-122.4053375935734,-46.65483667069847,7,7
37.78700140552085,-122.40477808780788,-40.716419074641536,7,7
37.78649340355132,-122.4034260608689,-46.89909458193483,5,12
37.789578631223705,-122.4067822660172,-54.14687179286198,5,12
37.7867026748259,-122.4071262180733,-44.49699530985832,3,10
37.788546752695886,-122.40472382569374,-45.05679209764536,5,12
37.789626593153166,-122.4055168014404,-48.44819952561797,5,12
37.7866273618487,-122.40314655800444,-44.62000046601185,1,11
37.78859610442021,-122.40402528039364,-49.30105835290534,4,9
37.79000385509791,-122.40388924130474,-43.68064018550663,3,10
37.78552367445039,-122.40520896269275,-34.468302252280594,1,11
37.78804970467649,-122.40028883948288,-52.22242189162706,4,9
37.7866359312336,-122.4066754959632,-47.06496834803664,7,7
37.78565102023501,-122.4037783803325,-47.70602048579654,1,11
37.78492709651901,-122.40753937997415,-46.733039533950176,6,13
37.78561870285564,-122.40714693535548,-40.9203016816121,1,11
37.7881200580115,-122.40621469119752,-42.8286937627239,5,12
37.78477831108887,-122.40174135332676,-41.60493398957431,4,9
37.78689854595182,-122.4044722111391,-44.87801798098561,3,10
37.7896263888137,-122.40618095613708,-50.28839727977943,3,10
37.78889802192683,-122.40425112734808,-49.45874144503992,4,9
37.78693898475412,-122.40492970423716,-42.01496117013363,5,12
37.79137938082671,-122.40598394673827,-44.31667240634681,2,8
37.79178607282782,-122.40779325771156,-39.95917037568465,1,11
37.788052244863074,-122.40212291503096,-43.826951587012815,5,12
37.78306291416823,-122.40458036374258,-49.7320599733285,6,-1
37.78977289639403,-122.40065252325306,-47.08760725673262,7,7
37.78341204731993,-122.40311935675892,-42.74074340126828,4,9
37.79095229222144,-122.40389736055047,-42.15867001504549,1,11
37.79016716980148,-122.40587040865724,-41.57956547138125,3,10
37.79154842500827,-122.40719069112772,-49.19409645282077,7,7
37.78852053111673,-122.40543546196898,-49.8041206643077,2,8
37.78727722846563,-122.4072485851884,-45.75921007898968,6,13
37.787099797732616,-122.40369961923854,-39.23970593386618,3,10
37.786907479657934,-122.4017346950046,-47.77547328323208,4,9
37.78996213730735,-122.40552182453224,-43.18011243759611,1,11
37.789424542979006,-122.4031110180552,-43.17975544424414,4,9
37.78824045126687,-122.40637845814044,-41.95690900131755,7,7
37.78655563738414,-122.4056049336764,-38.34223898420716,1,11
37.7932584252626,-122.40662992796912,-38.75237430093558,5,-1
37.789824749227925,-122.40926626607016,-47.37842333535802,2,8
37.78480457616045,-122.40507306669984,-53.3915817652347,5,12
37.78696748796812,-122.4047430965248,-47.71411734145897,5,12
37.78986355219482,-122.40286827800249,-44.69731082381106,4,9
37.78640092215753,-122.40340912349468,-46.44658111074263,7,7
37.78870309591765,-122.40338209420192,-37.12840422828746,2,8
37.78990159260067,-122.40694807244624,-44.92487878273421,1,11
37.78122314383469,-122.40408100538788,-42.38515247897522,1,11
37.78778392460042,-122.40183481206904,-44.13114276141063,6,13
37.78786241830713,-122.40424026429858,-46.386532733963286,3,10
37.766675015744966,-122.43431774537312,-49.06421019146184,3,14
37.76761374819175,-122.43757503805212,-51.53071375020748,5,16
37.76629627453982,-122.4348074784472,-47.63206125950179,6,15
37.76651170991952,-122.43788777915492,-46.41996532775951,5,16
37.764803122027686,-122.43465264670772,-47.5901356171964,5,16
37.764132067715856,-122.4364026743832,-45.83259142500789,1,17
37.765276597379575,-122.43158871411497,-50.052691954089305,3,14
37.76432017098846,-122.4347615133414,-50.76211347065471,2,18
37.76993440742162,-122.43339767196036,-57.03277202910389,1,-1
37.763015283427016,-122.43077825472596,-47.44619625934174,4,19
37.76700417043318,-122.43663480362218,-49.311263631039374,3,14
37.76603439366908,-122.4341286501782,-50.271658950250135,6,15
37.76545974441625,-122.43737182201846,-50.76326962181738,3,14
37.76795977219983,-122.43431020598352,-50.14751824537516,4,19
37.7655967549052,-122.4314685814671,-50.94494452599167,4,19
37.76373018616052,-122.43625576642889,-52.11213535425322,4,19
37.765583460754506,-122.4367719086266,-49.041644477103326,7,20
37.76463364346219,-122.43518234846704,-48.06336352426819,2,18
37.766006569337634,-122.43090836542385,-53.08227165754472,5,16
37.76662614726326,-122.4334579221601,-51.602942276749566,3,14
37.76328182411528,-122.43680982930412,-50.818487005059474,7,20
37.767390672236,-122.43208987883504,-49.98074677049286,5,16
37.76449020031026,-122.43831012598469,-50.51274187834307,5,16
37.76588722784536,-122.4307268817424,-47.361115201374425,6,15
37.76623406034064,-122.43328709863997,-56.60946806281524,4,-1
37.76573477738126,-122.43147288512,-55.90014879336047,2,18
37.7647817829647,-122.43829559621678,-49.22572240298569,6,15
37.76402280483602,-122.43466111633828,-52.41074339131116,1,17
37.76446201098539,-122.43526777785311,-46.46303077690476,7,20
37.76813034386506,-122.43701395894688,-45.3207961896458,7,20
37.76326826712575,-122.4375920472405,-49.06501129430836,2,18
37.76356151332408,-122.43398583748248,-54.28789966509672,5,16
37.763473702353714,-122.43380453658378,-45.78162593509176,7,20
37.76527150775984,-122.43240005190655,-49.20438935139869,2,18
37.76195058910002,-122.43600684210664,-55.94774389010847,7,20
37.76229288028773,-122.43528321962032,-55.594078592260736,7,20
37.76447809033408,-122.4377649198499,-43.93221284116542,4,19
37.7624244491094,-122.431918428376,-44.59545634695508,1,17
37.76258745738144,-122.43486090382449,-60.06857256838498,4,-1
37.76243946318127,-122.43355482299675,-55.43116358103151,1,17
37.763306776581736,-122.43348418920776,-45.436578017513376,7,20
37.76646249301334,-122.4320817856854,-50.07397035357219,6,15
37.76691141591224,-122.43666279893452,-47.19260285803163,5,16
37.76883800178644,-122.43360482679932,-50.24781098439239,7,20
37.76876472371703,-122.43505001741262,-47.38203003971518,1,17
37.76657262541976,-122.43078864586732,-49.976665813338265,1,17
37.767055355349605,-122.436668728358,-51.75043302702787,1,17
37.765262204181376,-122.43265714730448,-45.765024680340765,7,20
37.766039729704026,-122.43429931644154,-49.19178153589741,2,18
37.768887206096366,-122.4344042878116,-47.390445135025736,6,15
37.765742425736114,-122.43489195854792,-49.37020830015693,2,18
37.76730647715709,-122.43230666835431,-51.94542757419925,5,16
37.763131296782845,-122.43447229659786,-43.56644275457123,7,20
37.763667522551486,-122.43804883067624,-48.58012698096934,1,17
37.76562413919559,-122.43256099286258,-51.42019457748861,6,15
37.765299863340125,-122.43292759633574,-44.88668211872513,6,15
37.76376013162519,-122.43382572463156,-55.28329509551583,3,14
37.76981475516786,-122.4372569472595,-41.054865396816055,5,-1
37.76534518820783,-122.43694623072044,-50.71659903065371,6,15
37.76411454989563,-122.43875488577048,-55.07205682953351,7,20
37.76530323765472,-122.43407934025365,-42.37623460616974,1,17
37.76505085340522,-122.43769909769637,-51.85267045229117,1,17
37.76537560509578,-122.43843750178571,-49.02702172057749,6,15
37.7618125659693,-122.4324500217614,-47.12923703424215,2,18
37.76758389339314,-122.43346364087108,-45.26330988935942,5,16
37.76769765884088,-122.43566634332966,-48.80090174511374,1,17
37.76794064154407,-122.43526809316651,-52.58926163332015,6,15
37.765650863517074,-122.43981468841396,-49.12402990666403,1,17
37.76632496212033,-122.43316651016188,-51.67726218132689,6,15
37.76326754610399,-122.43638546292898,-49.00395329454191,5,16
37.76666579865719,-122.43433941827374,-43.48740181697256,6,15
37.76550357541379,-122.43997712452358,-46.976299233424825,3,14
37.764079186768726,-122.43304486393568,-49.17341424760664,6,15
37.76672948938328,-122.43650568953878,-47.04603666957464,6,15
37.76680689807218,-122.43775208452756,-46.75967739236326,7,20
37.76512121767135,-122.43567920326898,-54.3114964118749,5,16
37.76587676516026,-122.43619279043588,-49.83310915513721,7,20
37.76293656597613,-122.4328514647742,-39.74988936266993,6,15
37.76748636687443,-122.43584079024473,-45.14871605987253,5,16
37.76320237362393,-122.43227476594676,-52.0137422366448,3,14
37.76358914870384,-122.43433971476844,-52.41283158447049,5,16
37.76512463129086,-122.43321126422558,-52.54610289270241,1,17
37.76722903256844,-122.43500433290646,-46.534720198951774,7,20
37.76722789726643,-122.43245588203531,-43.56943631553513,5,16
37.76499035075619,-122.43730724798056,-47.671331822079765,3,14
37.766546026724505,-122.43477275108502,-49.37135060052473,4,19
37.76162188310134,-122.43579287165886,-51.77662143053109,6,15
37.76356136001974,-122.432206743041,-48.682507417665896,5,16
37.76360209912107,-122.43200193119068,-53.28048688038484,6,15
37.76750442581952,-122.43499915748151,-57.74306218884495,2,18
37.766309308325816,-122.4375830222022,-43.45269723955021,1,17
37.76536930555181,-122.4341458053664,-54.02325068144844,7,20
37.76556347012766,-122.43832921947006,-51.29932949467728,1,17
37.76813667855206,-122.43174771440243,-47.37457019748284,2,18
37.76465964066698,-122.43594634014129,-44.26213252261579,2,18
37.76237186538293,-122.43506114032684,-48.97147739032552,7,20
37.7671743903688,-122.43636190215162,-54.77484395064332,5,16
37.76536367807441,-122.4368035631734,-51.2053857987662,2,18
37.76690734335633,-122.43352541736692,-52.71394162010032,4,19
37.764910470385225,-122.4353172333541,-50.15284410988529,6,15
37.76332262095259,-122.43491503492216,-45.07206211492146,6,15
37.76580564344216,-122.43700778215845,-60.14955438427954,3,-1
37.76502035014149,-122.433287881553,-51.64555932010996,2,18
37.76536988456575,-122.43308442052972,-51.93619854554807,2,18
37.76823314098824,-122.43541785697376,-55.02704537958256,4,19
37.76280259504523,-122.43246415573334,-47.65803702500153,1,17
37.76557183732096,-122.43520824830846,-55.6599034875042,1,17
37.76336200661968,-122.43344048900742,-55.1995771171853,6,15
37.75981890805376,-122.43824585516168,-46.595723143917546,6,15
37.764902069621954,-122.43429313826702,-43.99771452414932,5,16
37.765062045874,-122.43554296293522,-50.30438707444784,7,20
37.76624704420591,-122.43468895514808,-54.86958447595706,4,19
37.76456491850284,-122.43477863518868,-52.822216367113,7,20
37.76202199928975,-122.43474860035565,-45.96799221101982,7,20
37.76335513684549,-122.43376859854128,-49.534247037346425,3,14
37.76763391767337,-122.43613034726322,-50.40415510752769,7,20
37.763326744141416,-122.43386184148092,-48.74780116034741,3,14
37.768166451059386,-122.43253495023376,-50.15063977410176,7,20
37.76709996858514,-122.43782028200997,-43.81715080936313,4,19
37.764364438791326,-122.43656108019646,-52.9965730587744,3,14
37.76354184167379,-122.436477070851,-53.45583646734085,1,17
37.76709582593826,-122.43718409159892,-55.53381407227462,3,14
37.76451817750981,-122.43594939553928,-52.15995054290276,3,14
37.7619086997206,-122.4329337629692,-54.36790189866462,4,-1
37.76612463324125,-122.43210482615098,-49.1276979653891,4,19
37.76583452689572,-122.43478765006051,-49.916210537899424,3,14
37.76727541240543,-122.4356484720217,-54.316302000271904,2,18
37.76569918999872,-122.43339415206184,-47.64344256388811,4,19
37.76390170604591,-122.4397279369885,-43.932748531480506,5,-1
37.767539357679205,-122.4371103569442,-48.56864660531591,5,16
37.76773398086536,-122.4396432608134,-60.1739927318219,1,-1
37.76546641192797,-122.43713139943472,-42.05147611731958,7,20
37.76512064382906,-122.4365340350538,-47.01230612371576,3,14
37.76235345795379,-122.43204463624411,-42.1743269872462,2,-1
37.76378494731531,-122.44052212393233,-45.63710565540066,1,17
37.76652153928392,-122.43583340520048,-44.837938324517765,3,14
37.76388543939928,-122.43376086705564,-49.17893242559566,4,19
37.76208632426121,-122.43417853867346,-51.04918404875933,5,16
37.7719917555792,-122.43207652373292,-48.50607524907136,6,-1
37.76207318808315,-122.4346778970428,-52.83514032098616,2,18
37.76951350279287,-122.43425144363904,-48.26447659639907,6,15
37.7643851531108,-122.4386770136636,-60.50714502940284,5,-1
37.76483087400171,-122.43697653771636,-49.82827101914235,7,20
37.763655443455626,-122.4385654094869,-44.62129551959147,7,20
37.76656567432948,-122.43385478378416,-49.62276568428414,6,15
37.76212045157378,-122.43430261909648,-43.09006904787605,4,19
37.76131934192753,-122.43437292406544,-51.05498155139442,3,14
37.76822034305876,-122.43676286721691,-45.989396348048686,4,19
37.76339205520239,-122.43694589955864,-53.51308029469347,6,15
37.76649217623908,-122.4345811061354,-46.15217352177849,4,19
37.76282908784621,-122.43633877210554,-49.06962036708873,5,16
37.76641684208579,-122.43704080912768,-50.87900198337091,2,18
37.76836709299756,-122.43601677874253,-60.29552846025768,4,-1
37.76394575722917,-122.43632148407208,-51.0175071032222,5,16
37.76113311778643,-122.43673344594926,-49.14618792288076,2,18
37.76837758782662,-122.43745153563351,-46.68516225912033,7,20
37.76685248864305,-122.43410262046332,-43.75620080360373,3,14
37.764052857532455,-122.43188790112104,-41.85986919453636,6,15
37.76456409589346,-122.43507800840123,-45.01493062750807,7,20
37.7627786956075,-122.43455513172606,-52.248361301216775,3,14
37.76784051386488,-122.4339272442948,-51.21921635807096,7,20
37.76393056878438,-122.43426686848562,-47.04433811582527,1,17
37.76216258292491,-122.43669382465664,-47.9215421606088,7,20
37.76542729176303,-122.4315603075778,-43.48661616243455,5,16
37.763279973276845,-122.43651462102736,-40.08244232516036,2,-1
37.76293997084827,-122.43370382327068,-40.93127921960711,7,20
37.76413980159248,-122.43393961738532,-44.02424720080662,4,19
37.765172710631,-122.43891688308427,-47.88838940422841,3,14
37.76223778048817,-122.43571769283383,-44.60269974821662,7,20
37.767770297850426,-122.43488674309638,-43.354235945086415,2,18
37.76635431942413,-122.43473369757716,-50.58920158902007,5,16
37.76426927401845,-122.43439715896896,-52.13064389003504,1,17
37.76319331302741,-122.43348467425412,-53.0696840002867,3,14
37.764821549094165,-122.43501503072856,-53.50553893378121,6,15
37.76679887008151,-122.43429076486396,-55.527981290372765,2,18
37.7664891680544,-122.43508990917354,-49.00039316352909,6,15
37.767117008600906,-122.43703466731353,-53.99901120435253,2,18
37.76403924501804,-122.43493519711728,-53.13408873654153,2,18
37.759150149641606,-122.43350182031148,-47.19497776329309,5,16
37.76749562239584,-122.43278242323504,-49.27356373498596,5,16
37.76466560771386,-122.43392536868492,-48.2815002374653,5,16
37.76633233213094,-122.4323312993481,-44.53940495243168,7,20
37.76833845750928,-122.43416227050518,-46.54188036583682,4,19
37.76986881726648,-122.43327224035666,-43.92445367418935,2,-1
37.76370035704372,-122.43312521770144,-49.68009402088772,3,14
37.765267919814335,-122.43544670108176,-43.55283763475042,6,15
37.76773367292121,-122.43354799313488,-48.56105294257016,5,16
37.76331144196296,-122.43688128979528,-49.32517495561919,7,20
37.76383577681242,-122.4343003753149,-44.15389517489399,5,16
37.76382392284308,-122.43384594834669,-53.48861471677318,6,15
37.76494381937319,-122.4328978097586,-41.9055977298301,6,15
37.76455975263942,-122.43335848139203,-51.12840008014914,2,18
37.76381240935549,-122.43287177163332,-54.87243188619729,5,16
37.76306848516879,-122.43519876066026,-47.38599219177655,6,15
37.7666238806568,-122.43569078630934,-51.50928604047304,4,19
37.76767566204193,-122.43554979751578,-41.896771632355,4,19
37.76796542958834,-122.43446743253912,-51.731603275140586,5,16
37.76403785288523,-122.43861749403128,-48.74220433059215,7,20
37.76670744934452,-122.4323364860592,-55.70237326191241,6,15
37.76547265180545,-122.43491225328034,-46.74834302041012,2,18
37.76385865730278,-122.43583000316468,-53.10956030343562,2,18
37.76646843643741,-122.4400594324212,-47.2267012386696,7,20
37.76376678989191,-122.43507362701236,-51.71338095882345,2,18
37.76424764679444,-122.43539695303016,-58.1877387468912,1,17
37.762246540594994,-122.43679409286128,-49.47523963862447,5,16
37.76407155780513,-122.43634609369026,-49.65428593168626,2,18
37.76550772241803,-122.43505327328889,-46.47571370550955,4,19
37.76813786899135,-122.43617647291916,-43.77599771264318,6,15
37.7642930091076,-122.43385624386764,-42.35036236033281,3,14
37.76292366170583,-122.43649756717728,-46.54338314611645,7,20
37.76799473794187,-122.43469078314097,-48.88552323173633,3,14
37.76399089512583,-122.43263990926238,-55.70933435806186,2,18
37.76150323668772,-122.43507319172512,-49.19191625203997,3,14
37.765266187470274,-122.43428804575208,-49.14023932024427,3,14
37.764350453053446,-122.4344146972252,-50.79456103862411,1,17
37.76960079128537,-122.43498400620076,-47.46812939759677,4,19
37.765950732068696,-122.43513401428388,-45.512377156071466,7,20
37.76470731529269,-122.4361427484429,-53.273615722114734,4,19
37.76315100558149,-122.43469797541889,-53.33593741679787,1,17
37.76566033368238,-122.43556653501768,-50.55716804710652,1,17
37.767913419900125,-122.43190781966354,-52.460916762831694,3,14
37.76562362836695,-122.4333777134818,-56.56501280943945,5,16
37.76330514061576,-122.43790559179178,-53.98637094529181,6,15
37.7660776124235,-122.43779431599644,-54.92928458814976,6,15
37.76490278621026,-122.43526091973808,-45.16619796792739,3,14
37.76589722620664,-122.43579061095488,-43.18869197596289,6,15
37.76429038529963,-122.43536638783644,-54.38173382917834,1,17
37.76424340945148,-122.4336976770787,-47.81570594745156,4,19
37.76416444040514,-122.43436852820224,-46.505934302121,6,15
37.766884476303,-122.43438874153908,-55.969075146639454,7,20
37.76426354944952,-122.432107610669,-49.356084211284,3,14
37.76408053853725,-122.43777778310834,-39.865935338613895,5,-1
37.76311586819688,-122.4347921223317,-47.291412534569474,3,14
37.76590802760344,-122.4361581050959,-50.98120216533013,2,18
37.765623403604266,-122.43212912842831,-52.24074610087283,3,14
37.76410246355103,-122.43941870321164,-58.089846338883575,1,-1
37.76358124258488,-122.43933096317144,-48.11810537553307,4,-1
37.76875234682645,-122.4343907274073,-42.20873285098274,4,19
37.76123911388975,-122.43274740688136,-53.254175017591685,7,20
37.76598634400641,-122.43345349135735,-57.74233871806825,6,15
37.76758280709643,-122.43660196158665,-52.6568967254129,1,17
37.75822637247703,-122.431987156556,-46.473601016087166,2,-1
37.76658828012015,-122.4374629374972,-51.71400001928834,1,17
37.764559490797005,-122.43238503162092,-53.28187237165236,3,14
37.76551210972857,-122.43719845650072,-49.92338033976856,1,17
37.76435352407096,-122.43570364834468,-49.08119701132858,1,17
37.76715078689129,-122.43372146092427,-55.553560563086776,7,20
37.76572623868334,-122.4379324156618,-50.86913478774729,2,18
37.76526343977907,-122.43206195320492,-51.98907045568935,3,14
37.76320227878608,-122.4357158876628,-52.56361739699233,5,16
37.76876458446767,-122.43472544772864,-54.06814667756579,7,20
37.765019862039466,-122.43267559842192,-46.23496858082081,5,16
37.76957961159492,-122.43658625069034,-52.57754771519211,7,20
37.76885513877036,-122.43287837262748,-57.97978114325314,4,-1
37.76144329806547,-122.43171893285822,-48.94280871209827,7,20
37.76369010807839,-122.43631115799468,-47.099202109307264,6,15
37.76292609798805,-122.4322612246548,-53.18406426086351,1,17
37.76490358783703,-122.43852115718848,-52.238650759135865,4,19
37.76537432804097,-122.4342207992104,-52.59621488171349,2,18
37.76545985293578,-122.4374571970314,-51.38661344572044,5,16
37.76710825735204,-122.43311486290293,-45.57259927124071,7,20
37.76798716553862,-122.43327908790316,-50.45623668948942,1,17
37.76693497549848,-122.43084524000882,-46.64162581733118,2,18
37.76387812957155,-122.4321574340341,-53.87532652618701,6,15
37.76343595226979,-122.4353315423952,-51.53476167832394,2,18
37.76500552367177,-122.4371634949746,-46.183944736610776,1,17
37.76585223905281,-122.43386862584066,-53.22242159370504,6,15
37.76463361730857,-122.43512146282076,-45.95145415636588,2,18
37.76230903032749,-122.4318976899108,-52.51353636398055,6,15
37.76636411901716,-122.43933276168684,-51.28665006023368,7,20
37.76421537046253,-122.43062388648144,-43.3193496506043,7,20
37.76415497453116,-122.43393601878478,-51.74327590866493,1,17
37.76489077465188,-122.43662602424344,-49.41861678899746,1,17
37.76452020216584,-122.43353202154516,-47.53425430991305,6,15
37.764266997888974,-122.43240515715742,-49.09396540131196,3,14
37.76243974938613,-122.4347713062174,-48.97978660444169,4,19
37.7647755050661,-122.4385298407683,-50.226158975926936,2,18
37.76640590758382,-122.4355876940727,-55.20895683606529,2,18
37.76552928801024,-122.43292120989392,-48.606842679600966,3,14
37.76689624287821,-122.43400667053156,-52.92987382804662,3,14
37.76354290995536,-122.43531301406168,-46.896931130387294,3,14
37.76244388304176,-122.43238336833822,-44.51175430420126,5,16
37.764508300042046,-122.43352138831834,-57.22222904566806,5,16
37.7637715267629,-122.43336732168812,-44.504768690291584,6,15
37.76397933003359,-122.43582126938396,-51.64423116746817,5,16
37.76542349943616,-122.43601476736347,-50.52379688873789,7,20
37.76399383892179,-122.43839991944137,-53.64954981004956,7,20
37.76249986302159,-122.43551878351188,-49.24612908373489,1,17
37.76388201054424,-122.4331292158924,-49.73274046729038,6,15
37.76568011873372,-122.43540818659405,-45.6923086988286,2,18
37.766342961202014,-122.43410892230696,-52.96557310652103,4,19
37.76632284556817,-122.4327776012867,-43.35679039224837,1,17
37.7658489461885,-122.4342543340164,-47.34114365476445,2,18
37.76466381306807,-122.43405897047649,-49.63612409289836,2,18
37.76580982819792,-122.43771564492408,-50.72313745558196,6,15
37.76491532868361,-122.4356451295682,-51.2262777885354,3,14
37.76522619227564,-122.431546746987,-50.96537509762602,3,14
37.763121346524265,-122.4347924056378,-49.3263921722581,1,17
37.76508774992752,-122.431206523636,-50.83599984277493,3,14
37.7657573324685,-122.43644623126129,-52.56211782602995,2,18
37.7914773054549,-122.39570973395747,-77.2186780287406,3,-1
37.783869440667296,-122.44499067359146,-87.37204316819059,2,-1
37.79680536211042,-122.41430102718633,-83.13183960070553,2,-1
37.78689692875178,-122.4141785911314,-81.27468339756643,2,-1
37.758822390723125,-122.4221278472065,-83.14241757215349,0,-1
37.754872401523706,-122.42515260135328,-90.9032913067998,2,-1
37.7818629784532,-122.42223084322596,-74.40783753132884,1,-1
37.76184676650063,-122.424251978196,-81.94808364721516,2,-1
37.773972900945154,-122.40847537612588,-79.87708179285353,3,-1
37.74037544826159,-122.43823222825132,-84.62613269917941,3,-1
37.74371314210083,-122.43511803897044,-76.19782820822408,3,-1
37.7721220764709,-122.43597408858037,-78.41043052494878,0,-1
37.773964298786886,-122.43187647074392,-70.29772488695666,1,-1
37.78508717666756,-122.41873707906092,-76.15521029648812,2,-1
37.74791791917744,-122.43943956263308,-81.62147521469689,1,-1
37.77079098502541,-122.40159153523366,-85.91773454002049,1,-1
37.7516668586659,-122.43013192343456,-73.07237852866685,3,-1
37.74559176717376,-122.43687310062656,-82.26060879029166,3,-1
37.76462974764363,-122.41121893452008,-81.37374053276977,3,-1
37.74980019888535,-122.44309568497005,-81.37577285034139,0,-1
37.75330691869154,-122.41400157175627,-83.21286168525704,1,-1
37.75905327479217,-122.41009007846615,-81.23631195383895,1,-1
37.75556330404459,-122.43425417343066,-64.59033949813937,0,-1
37.74525547784436,-122.44290179632782,-88.38257643302154,0,-1
37.74539497469159,-122.42681773205402,-86.51603368609288,0,-1
37.75159496491405,-122.4400702884879,-68.925404654766,1,-1
37.74303355127758,-122.43917610751632,-82.99843507596057,1,-1
37.77758742118061,-122.43228693842777,-83.60497027259916,3,-1
37.75723960299054,-122.43022660376866,-71.72108914581253,3,-1
37.75678475806615,-122.41850148294893,-91.361564938254,1,-1
37.75991989765426,-122.41108040572485,-73.42836456597276,3,-1
37.77976777645258,-122.41536145295647,-79.63506856542764,0,-1
37.79223803288901,-122.43758198313552,-76.28158295334418,2,-1
37.78554521595333,-122.43639569837735,-76.43175235798299,3,-1
37.7836517538135,-122.40106153751034,-85.0238606918611,1,-1
37.76906347113605,-122.41708238424678,-71.59052975880076,3,-1
37.78162833341804,-122.40150310835512,-84.40110169182455,3,-1
37.773165742082014,-122.426422674434,-76.72920784801006,3,-1
37.75297503169119,-122.41427999962843,-70.0982041157669,2,-1
37.75251530206447,-122.41881682919728,-68.96878640122824,0,-1
37.75778352041252,-122.42904382550896,-82.13701068752555,1,-1
37.79464816025818,-122.42150423139832,-76.29491780607192,2,-1
37.77284489042278,-122.41987545615864,-82.87591032162895,1,-1
37.78403432262011,-122.43496145126215,-59.96963018184981,1,-1
37.760793525588994,-122.42924948138116,-73.75899195300946,1,-1
37.76446294623992,-122.40542951247464,-79.32753251330452,2,-1
37.74753393471824,-122.39921058802727,-77.49950261233806,0,-1
37.7502776974693,-122.42701029532272,-76.74315667643145,1,-1
37.78964139328957,-122.42965138588954,-76.50605167373214,0,-1
37.77509031790133,-122.4352401417714,-81.91998574117245,0,-1
37.76025194795303,-122.41107544156746,-83.15461839388139,3,-1
37.78817107253973,-122.42884501491667,-81.21482689381195,2,-1
37.75479119433828,-122.39561252304505,-89.11753364037766,2,-1
37.79856196191601,-122.4287157598968,-74.25380474420432,3,-1
37.76068905646477,-122.42529319766086,-86.41364034119178,3,-1
37.76023865724908,-122.4148332901894,-88.47960063187773,0,-1
37.7587147143322,-122.40491578534044,-80.11483573251319,1,-1
37.74732669095546,-122.42152406673272,-81.04098103751909,2,-1
37.74666822883992,-122.42386719831056,-78.00292419368809,1,-1
37.778886302072046,-122.39521810832024,-84.54564295517127,1,-1
37.79250708267348,-122.444475317943,-83.14034046584779,3,-1
37.7874312306163,-122.40024673555745,-74.46304395929208,1,-1
37.748466455641285,-122.437542958703,-74.95026239603845,0,-1
37.772734927307525,-122.40570373618957,-75.28379963058657,3,-1
37.7463354927586,-122.41410342200768,-79.72825910118814,1,-1
37.74271767861679,-122.42790763572508,-78.6486190133418,3,-1
37.77938315156308,-122.40130625222396,-78.15648889831597,0,-1
37.77210914002082,-122.44435463860094,-85.24833391847181,0,-1
37.74492142111269,-122.43366546739624,-68.20762719883119,1,-1
37.74209635478436,-122.41665536018752,-69.3472957400984,3,-1
37.79938538480456,-122.4274228869975,-73.64603527199226,1,-1
37.74180127992894,-122.41448112523408,-83.40689269121278,1,-1
37.76667169518301,-122.44379449032957,-75.6868470563988,3,-1
37.77027714147646,-122.4391770534759,-72.17304049784182,1,-1
37.747036808868025,-122.43864518798908,-89.78557521376915,0,-1
37.75014370670638,-122.4355358177042,-66.44390590641203,3,-1
37.76110830038462,-122.42203342795996,-93.91510088924636,3,-1
37.78570055257282,-122.40739356502282,-74.3631534423274,3,-1
37.770424945443615,-122.39972305810356,-68.37374154998025,3,-1
37.77827411247318,-122.40323137348578,-80.90450771221624,1,-1
37.79911047330544,-122.4351556064112,-81.20371519858459,1,-1
37.78608032611879,-122.42294247238846,-74.65871365882461,0,-1
37.76606168988848,-122.43502942011207,-65.18494486452903,2,-1
37.76678651530779,-122.43177640916664,-82.24854110353093,2,-1
37.77712632462246,-122.4198226509244,-86.24764153492755,0,-1
37.77992191250513,-122.44159454876382,-83.39020364486394,2,-1
37.7700426555502,-122.43409128352032,-92.42011193828976,0,-1
37.7786916733689,-122.39823109193463,-72.81793681027875,1,-1
37.74141194966485,-122.42169418536707,-84.11266442171087,3,-1
37.76577737183381,-122.4227306737011,-81.66671323252444,3,-1
37.75673628456441,-122.44427164226244,-72.72303094864795,1,-1
37.747750466714585,-122.43263001264708,-83.01528259527879,3,-1
37.745972790768526,-122.40168537820088,-73.92727683689283,3,-1
37.77619152993688,-122.43676857858706,-88.30470803053029,2,-1
37.77141603282916,-122.42424375302326,-72.33024457340801,1,-1
37.75521504701978,-122.44428345470664,-77.26475982987624,2,-1
37.76825700352635,-122.42108322591646,-80.70863224655734,2,-1
37.76953393891095,-122.44394894466367,-78.95285209644963,3,-1
37.75170053882632,-122.4040195223467,-90.29409035722188,3,-1
37.7791255837129,-122.40375731162564,-79.13599404842424,1,-1
37.786855161383166,-122.40561289058488,-81.13335828285283,3,-1
37.78748781245337,-122.43083179655544,-90.07546088350053,3,-1
37.7761481898422,-122.40313813908892,-85.36860341525235,1,-1
37.77069831495114,-122.41785009336974,-81.03396206362015,3,-1
37.74366042858033,-122.42630959455664,-84.85833747958273,2,-1
37.75726987793109,-122.41373350201478,-99.29691124040332,1,-1
37.745596286806695,-122.44438294769698,-71.38889968312907,3,-1
37.79782938965271,-122.43785195611996,-81.13671900071732,0,-1
37.74810480877355,-122.40788532309148,-98.19160167389236,1,-1
37.74910652459107,-122.43279191956418,-62.92029648256484,1,-1
37.79337459709983,-122.41509954413355,-70.06886134949448,0,-1
37.79663569700858,-122.42574486985885,-82.79185640854668,3,-1
37.78594974235409,-122.40225971106004,-86.73997993093361,3,-1
37.740324295420365,-122.39737923470015,-76.77447031391583,1,-1
37.74008077625739,-122.40082176358148,-78.38138548092687,1,-1
37.76268604618725,-122.43146900026532,-75.66328060159701,3,-1
37.748603722200656,-122.43529185654768,-86.71696218604039,3,-1
37.7411031685291,-122.42127825531897,-71.21782383222694,2,-1
37.76784400136427,-122.44463329245818,-83.7876969854044,1,-1
37.79658371384441,-122.44370953035684,-74.55387401075546,1,-1
37.759429174494144,-122.41733546801883,-86.3755140836562,0,-1
37.77966844070572,-122.41897752979172,-58.8148481139721,2,-1
37.77913412118794,-122.39527090054824,-74.43581320827793,3,-1
37.75506480621991,-122.4349079082318,-56.92614178741083,2,-1
37.77902551492943,-122.43209480354196,-73.37918418939162,3,-1
37.75274003845721,-122.43932296788368,-84.49171485494948,3,-1
37.74732044481461,-122.39912284951733,-73.36495365128643,2,-1
37.78208299713358,-122.40610943777708,-72.79537745445427,1,-1
37.74680644902624,-122.40388304442716,-77.0134068440179,3,-1
37.79981455311536,-122.39986181060178,-74.95686022374355,2,-1
37.75100714406901,-122.41875500066372,-73.90618296473859,0,-1
37.77564851176539,-122.42244034042746,-87.94944808612593,2,-1
37.764682474284754,-122.42848042631672,-88.51886723783961,0,-1
37.74758318534434,-122.4155392692826,-86.35373598891547,3,-1
37.74167063445465,-122.4222860801605,-78.97966084503592,2,-1
37.77736393693757,-122.42242172066972,-81.78536937178737,2,-1
37.78840545382735,-122.39815360681344,-87.80456452738359,0,-1
37.7905209396904,-122.39579842428604,-73.79748631584283,2,-1
37.768962808384615,-122.40517578053353,-77.73564143890816,2,-1
37.78664732803094,-122.40716209548764,-78.64856806903316,3,-1
37.78037082800931,-122.41097209191103,-82.06391444139149,2,-1
37.78345527164995,-122.43669625738332,-83.02582481892459,1,-1
37.76955594031331,-122.44204470895622,-86.73064929447182,0,-1
37.77800470441453,-122.41046368424432,-72.53007765970129,2,-1
37.78833155481456,-122.40856068888716,-85.6279430532255,0,-1
37.76387305053342,-122.44265135044508,-78.32487626645747,0,-1
37.78835873405205,-122.39859741248856,-66.70391682982374,0,-1
37.77552101056735,-122.44044296802775,-82.6580619575148,2,-1
37.74995406146225,-122.43070497331144,-72.31438287424645,2,-1
37.741481049433474,-122.41138050936006,-75.45032787171462,0,-1
37.761765216023946,-122.43650637027976,-77.50825949391157,1,-1
37.77280177969778,-122.44222920557787,-76.55721246476197,0,-1
37.79038922113221,-122.4284426755418,-80.75925255416745,1,-1
37.74764914080841,-122.40670142125724,-79.72179224965248,0,-1
37.78801238086101,-122.42431606605074,-84.3849115858058,3,-1
37.79178054276403,-122.4123513539046,-79.66834303092729,0,-1
37.74904124922005,-122.41601904513858,-84.68180796626798,0,-1
37.79109565915825,-122.44388907589872,-71.95475925538722,2,-1
37.79948721407057,-122.39557300064772,-93.59597942942756,1,-1
37.783610329862896,-122.44292859555902,-76.15157367099614,3,-1
37.7870861809095,-122.39660986311758,-77.30730638862177,1,-1
37.79966491605353,-122.41750679108178,-78.03187228659174,3,-1
37.77632887503155,-122.39684204864676,-71.8040084090761,0,-1
37.75847318292097,-122.4392623200293,-82.28898872034358,2,-1
37.79025185004456,-122.42047957404073,-77.9565292434236,2,-1
37.7768691466507,-122.4365247954067,-93.73233510549164,1,-1
37.77487172542325,-122.44245125614889,-83.32253505708178,2,-1
37.75521813333084,-122.41412354424688,-73.15410855059821,1,-1
37.78538005617497,-122.4346108289519,-90.71329388429186,1,-1
37.744900036551606,-122.41561514908562,-78.72205306359405,3,-1
37.79545722424768,-122.43938177590256,-85.42013657507037,1,-1
37.75954940764623,-122.42840067642835,-80.88789577417388,3,-1
37.7476664791674,-122.40591837209732,-84.94141991009278,2,-1
37.76654199198615,-122.42314742390788,-89.97756483434745,1,-1
37.7425481945554,-122.41361272925514,-76.91197348032159,1,-1
37.7810775716559,-122.41262710296272,-80.39677409619797,0,-1
37.79416233062672,-122.40281224780064,-75.09896704250241,1,-1
37.79023578042831,-122.42875386027966,-73.64449673600912,1,-1
37.74764216840688,-122.41063522187086,-70.19793010328789,0,-1
37.74757626822647,-122.39691920964768,-78.93210603645868,0,-1
37.78880606893945,-122.4084878332821,-69.85103180317434,2,-1
37.79545525647618,-122.4205064761641,-87.80619605912763,1,-1
37.76764018979001,-122.4134641277754,-72.72832136617495,2,-1
37.76993826701482,-122.40801585511184,-76.32487666937718,2,-1
37.759095722483146,-122.4143862117153,-78.13525877988171,0,-1
37.793655907095385,-122.4441662093255,-76.44214212669506,3,-1
37.77869417431754,-122.43526132511565,-87.6859110266837,2,-1
37.757295094630045,-122.40447658913922,-89.57397447940018,3,-1
37.757926972263256,-122.43136746763436,-66.32137451138401,1,-1
37.793472004383815,-122.40842189402194,-81.34977742557817,0,-1
37.74081804143435,-122.42639398923792,-81.46394737445361,1,-1
37.7593635943636,-122.4189057835921,-88.81847579393033,1,-1
37.77326140087298,-122.44160133500904,-91.8542264439747,0,-1
37.74889304772596,-122.43593872194752,-80.70655103049826,1,-1
37.745525925251975,-122.39714015182405,-82.73270337206982,0,-1
37.78891657986543,-122.40049309732764,-79.98612514606039,3,-1
37.79366426331891,-122.41238624445504,-79.3027684769426,1,-1
37.78941638524789,-122.42201777013072,-60.08431134991445,0,-1
37.79392727338424,-122.41121193535524,-82.70863984591163,2,-1
37.7731867182635,-122.4140694855453,-67.36047913645243,1,-1
37.788735487259416,-122.41657238721976,-66.86380627964044,3,-1
37.76304255830347,-122.44204114640682,-73.97100571782413,0,-1
37.77997607168874,-122.41335986946692,-81.88101066039289,1,-1
37.79933013188335,-122.40655399777144,-90.89177868906184,1,-1
37.75354366343035,-122.39529591726772,-76.17644898132875,1,-1
37.763393984777466,-122.44444607237028,-71.84950336239245,3,-1
37.76880284263861,-122.40849132733446,-66.01850028573612,0,-1
37.7482809292212,-122.4164105342032,-87.59966363397426,2,-1
37.7448623166279,-122.42329739119594,-81.94821111348215,2,-1
37.7897833719793,-122.43862149127142,-87.55091672338277,2,-1
37.798607662369655,-122.42454574256826,-85.06782393949538,0,-1
37.76428350382978,-122.42728114085068,-74.68489972611498,2,-1
37.74525899017168,-122.42985850555104,-85.43443815492589,3,-1
37.74394870564144,-122.40845601883387,-86.59416941853607,0,-1
37.79347909238162,-122.4099637239358,-73.6240330902218,1,-1
37.76782885498366,-122.41554899545096,-76.39408967965163,3,-1
37.759201638993744,-122.39806675933532,-77.1999104165186,1,-1
37.768587676274365,-122.42750728079096,-85.22309886559253,2,-1
37.75909824568154,-122.43280990311447,-69.65581377428238,3,-1
37.76934214651845,-122.41220483434508,-79.88407842144167,0,-1
37.79157338381508,-122.43505929695311,-60.958478889961846,3,-1
37.77553808226372,-122.42924947464084,-78.71067064423964,1,-1
37.78167922636861,-122.43376987799626,-98.66678273477729,0,-1
37.76188024057406,-122.44154232161408,-99.02300427821496,3,-1
37.78431035271063,-122.4036250629182,-75.00840046523625,3,-1
37.77999702509276,-122.43227297285392,-69.59604678135355,3,-1
37.74717371986512,-122.42134862483285,-86.2706250393908,3,-1
37.77435857118694,-122.44283423633728,-63.19216981778279,0,-1
37.75540460977859,-122.41003302668736,-66.69600850404717,1,-1
37.78824574017801,-122.42847194988468,-78.31562589247082,3,-1
37.765556262508014,-122.40776316360854,-75.68436846115095,0,-1
37.79968104991179,-122.4243798469766,-72.84375826089186,1,-1
37.74555002627634,-122.43521221967973,-64.88004082143587,3,-1
37.786820871764405,-122.41934124588587,-74.54291226603534,1,-1
37.78042210401253,-122.43847477201813,-78.4965467818308,1,-1
37.78604992983544,-122.42297304200636,-74.62159041930681,0,-1
37.75845178772943,-122.42913472612896,-75.70111774840619,1,-1
37.76952326936294,-122.39940202079002,-72.60471850180005,0,-1
37.787790511183424,-122.44195356391396,-92.56018634463628,3,-1
37.75395247989725,-122.41029912929471,-77.47317240042035,1,-1
37.75356199180732,-122.43586244170062,-76.3164759393621,1,-1
37.773063057197696,-122.4290477462834,-80.58277733641738,2,-1
37.77141381477179,-122.42422429684687,-73.72666844625952,3,-1
37.75693574822478,-122.39959924553123,-64.63065903544768,3,-1
37.75788453903149,-122.43287108669632,-78.89426295116448,2,-1
37.7566707097924,-122.44043455987276,-74.46623135433848,2,-1
37.78629072371991,-122.42906551980047,-67.14988191638757,0,-1
37.77911405193375,-122.43976620147322,-78.70748395246515,0,-1
37.78994503100461,-122.43857017570195,-87.10770561887047,1,-1
37.79852838169884,-122.41630747010124,-75.0737692072966,1,-1
37.76844985777632,-122.44195490334502,-97.6133290943846,1,-1
37.74400163288433,-122.44345345593032,-98.38693630370145,1,-1
37.742885538624726,-122.40927929492646,-77.33590362306994,0,-1
37.7577399023563,-122.42691764525794,-98.75976306465492,3,-1
37.79595267536114,-122.4387312325383,-90.52134193942553,1,-1
37.77139278329825,-122.432319361457,-83.04078850808258,3,-1
37.75630719096481,-122.41289567463238,-85.7713307979671,1,-1
37.76395000767066,-122.43122317164296,-81.18245202837694,2,-1
37.77591570644428,-122.42027394374398,-71.09703887385203,1,-1
37.77917697948827,-122.43891523466364,-78.09215350908855,1,-1
37.74923517058698,-122.41559531811971,-86.71456321423567,1,-1
37.79862190059271,-122.42919611580784,-69.16447141772579,0,-1
37.77268633361896,-122.41365157827356,-91.43085789235352,2,-1
37.74814129906754,-122.4045802558848,-78.2249319298232,1,-1
37.793618115200765,-122.41441767903048,-92.32068780009364,1,-1
37.74447830586477,-122.43021262187024,-77.98145675415569,3,-1
37.79446412599065,-122.43221281492258,-82.54901923114078,2,-1
37.79979393937734,-122.42862895206332,-71.34209670778905,1,-1
37.78202590794939,-122.43676897433816,-74.23448423044616,3,-1
37.78622683326444,-122.43594140745748,-84.6971146559333,3,-1
37.760238170188046,-122.405465444905,-86.23151712652992,0,-1
37.79649461116404,-122.42576337117464,-82.52077386425688,3,-1
37.7717828379665,-122.42320024097148,-64.99542831972528,1,-1
37.783943306795855,-122.41529752672166,-67.04745215113536,0,-1
37.79544646295467,-122.41551732524242,-87.7461454829492,0,-1
37.798510798558524,-122.4416311564239,-73.59819729598921,1,-1
37.7899922613958,-122.40342296068312,-93.85145143117812,2,-1
37.75818105041892,-122.4361336723388,-83.57873968845892,3,-1
37.797992850993126,-122.40884641819753,-87.42051482289966,0,-1
37.77768717187461,-122.40636645059358,-71.44576433942046,2,-1
37.79583854858112,-122.40925502329544,-90.3257401583073,1,-1
37.78056630154886,-122.41605111767228,-76.56519811662022,3,-1
37.75843433771087,-122.44426955014455,-79.99431902747229,3,-1
37.76220147144857,-122.42698122538184,-81.40359063783609,0,-1
37.77302830662617,-122.41475802853186,-66.62733639404482,3,-1
37.78740089049359,-122.42562743520386,-65.92242246132551,3,-1
37.75907895308042,-122.40182600525436,-81.15514254762377,3,-1
37.77478386996805,-122.42955988623252,-82.76733040479995,3,-1
37.760737499614585,-122.43032326037708,-92.05498655042534,1,-1
37.7889461642781,-122.43170011534536,-80.03407189791368,2,-1
37.76800368562608,-122.42836095655196,-64.37357395403207,1,-1
37.74460336961118,-122.41712975178427,-81.02988271622338,1,-1
37.749963151288895,-122.40964923528637,-74.16992573484976,0,-1
37.74366628005718,-122.41187160411306,-91.17997859135411,3,-1
37.76995817676086,-122.40461410900092,-83.47819943786881,1,-1
37.746380237840896,-122.40070430022512,-76.3002775535788,3,-1
37.746848398158576,-122.40419604788283,-79.15310081561557,1,-1
37.7964628956023,-122.44405272983128,-73.40266132471551,1,-1
37.79235930433056,-122.4082041023224,-84.82137507646931,0,-1
37.76712519580868,-122.43458002131908,-93.99990839058933,2,-1
